,corp_abbr,time,topic1,topic2,topic3,,预期结果,实际结果,实际效果
0,三一集团有限公司,2019年9月,重卡 道依茨 项目 智联 三一 开工 万台 发动机 活动 董事长,,,,"（1）按周颗粒度、月颗粒度对新闻进行聚类，生成一段时间的若干新闻主题。
（2）生成的新闻主题可用于生成单一企业的热点时间轴，展现热点事件的变化。","（1）基本实现预期主题生成的结果。同花顺每月单一企业的舆情有10条左右，数量较少，因此选择生成3类主题（针对新闻数量过少的情况，只生成1个主题）。
（2）分别尝试生成3个主题和2个主题。3个主题的效果更优。","（1）主题数量的选择需要进一步精细化。例如，华为公司的舆情可以划分为3个区别明显的主题，但是上海复兴医药和紫光集团的3个主题含义相近，应合并为单一主题。
（2）程序中提供通过elbow图人工选择主题数量的功能，后期可以探索自动化的主题数量选择。"
0,上投摩根基金管理有限公司,2020年11月,基金 qdii 首批 出海 全球 精选 华夏 人民币 上投摩根 今年以来,,,,,,
0,上投摩根基金管理有限公司,2021年11月,基金 经理 长盛 经纬 开债 11 2017 63 app 上投摩根基金管理有限公司,,,,,,
0,上海国际港务(集团)股份有限公司,2021年2月,俱乐部 上港 财务 请问 盈利 陈戍源 体系 同花顺 占优 关注,,,,,,
0,上海国际港务(集团)股份有限公司,2021年6月,码头 四期 洋山 自动化 上港集团 突破 大脑 最强 标准箱 集装箱,,,,,,
0,上海复星医药(集团)股份有限公司,2020年11月,11 70 载明 回答 13 18 互动 低温 保存 关注,,,,,,
0,上海复星医药(集团)股份有限公司,2020年12月,合作 复星医药 疫苗 凤凰网 新冠 投资 成交额 港股 最新 人民币,,,,,,
0,上海复星医药(集团)股份有限公司,2021年1月,减持 显示 二级 万股 姚方 姚方于 市场 32 数据 日至,上市 核准 境外 外资股 复星医药 12 31 hk ic 25,集团 境外 十五分钟 出具 减持 公布 亿股 二级 上海 上市,,,,
0,上海复星医药(集团)股份有限公司,2022年2月,板块 内部 集团 运营 关注 领域 发布 强化 定期 复星医药,,,,,,
0,上海汽车集团股份有限公司,2020年3月,上汽集团 月份 销量 降幅 接近 万台 万辆 仅为 产销 29,,,,,,
0,上海汽车集团股份有限公司,2020年7月,租车 神州 上汽集团 服务 19 600104 上汽 亿元 收购 超过,,,,,,
0,上海汽车集团股份有限公司,2021年10月,智能 技术 软件 核心 领域 零束 电子 系统 联创 中兴通讯,,,,,,
0,上海汽车集团股份有限公司,2021年11月,大众 上汽 销量 芯片 车型 10 累计 短缺 月份 合资,,,,,,
0,上海汽车集团股份有限公司,2021年1月,新宝骏 披露 汽车 智能 采用 上汽集团 芯片 功能 车型 用户,,,,,,
0,上海汽车集团股份有限公司,2021年3月,同比 销量 上汽 市场 五菱 海外 万辆 亿元 净利润 2020,,,,,,
0,上海汽车集团股份有限公司,2021年7月,华为 汽车 系统 上汽集团 亿元 车企 选择 拒绝 营收 制造,,,,,,
0,上海汽车集团股份有限公司,2021年8月,品牌 自主 电池 上汽集团 比亚迪 销量 特斯拉 市值 2020 市场,,,,,,
0,上海浦东发展银行股份有限公司,2019年4月,信用卡 烈士 免除 中心 转发 浦发银行 火灾 图片 员工 发布,,,,,,
0,上海浦东发展银行股份有限公司,2019年8月,附件 链接 金融债券 详情请 网站 第三期 标题 发布 债网 付息,,,,,,
0,上海浦东发展银行股份有限公司,2020年1月,亿元 增长 同比增加 11 浦发银行 88 198 2019 21 23,,,,,,
0,上海浦东发展银行股份有限公司,2022年1月,转债 下调 110059 浦发 2022 aaa 评级 主体 14 25,,,,,,
0,东方明珠新媒体股份有限公司,2020年12月,东方明珠 财经 谢谢 2015 211 29 600637 业绩 关注 利润,,,,,,
0,东方财富信息股份有限公司,2020年9月,股份 万股 减持 计划 股本 副总经理 程磊 超过 交易方式 近日,,,,,,
0,东方财富信息股份有限公司,2021年1月,ibm 美元 每股 亿美元 同比 下降 收益 14 17 2020,,,,,,
0,东方财富信息股份有限公司,2021年5月,巴菲特 股东大会 价值 回归 嘉宾 北京 凌晨 再度 全程 二人,,,,,,
0,东方财富信息股份有限公司,2021年7月,拿不住 思路 修正 仓位 不重,,,,,,
0,东方财富信息股份有限公司,2022年1月,减持 实施 计划 13 股份 程磊 完毕 发布公告 100 2022,,,,,,
0,东方财富信息股份有限公司,2022年2月,东财 转股 2022 发布 收盘 28 10 18 2021 到位,,,,,,
0,中兴通讯股份有限公司,2017年8月,附件 链接 货币 详情请 网站 标题 披露 发布 半年度 信息,,,,,,
0,中兴通讯股份有限公司,2020年4月,资料 84 中国 中兴通讯 下降 下同 hk de 25 营业,,,,,,
0,中兴通讯股份有限公司,2020年5月,hk 续跌 现造 低见 股价 天线 成交 25 半导体 昨天,,,,,,
0,中兴通讯股份有限公司,2020年6月,附件 链接 上海 下载 中兴通讯股份有限公司 发布 发行 合并 审计 年度,,,,,,
0,中兴通讯股份有限公司,2021年10月,千元 净利 近日 852 08 10 115 13 169 2021,,,,,,
0,中兴通讯股份有限公司,2021年11月,鸿蒙 操作系统 支点 华为 中兴 处理器 国内 手机 一款 开源,,,,,,
0,中兴通讯股份有限公司,2021年5月,附件 链接 上海 下载 中兴通讯股份有限公司 事项 募集 发布 变更 年度,,,,,,
0,中兴通讯股份有限公司,2021年8月,2021 中兴通讯 高新技术 六个月 13 27 30 hk 业绩 中国,,,,,,
0,中兴通讯股份有限公司,2022年1月,有限公司 技术 股东 系统集成 深圳市 中兴 工商 90 app 中兴通讯股份有限公司,,,,,,
0,中兴通讯股份有限公司,2022年2月,otn 采购 设备 中国移动 骨干 板卡 wdm 传送 十四 平面,,,,,,
0,中国东方航空集团有限公司,2019年6月,混改 物流 东航 落地 方案 东航集团 正式 10 2017 19,,,,,,
0,中国中信集团有限公司,2018年11月,种业 高科 隆平 2018 世界 全球 数据 多前 新锐 控制,,,,,,
0,中国人民保险集团股份有限公司,2018年12月,在线 扫描 点击 微信 客服 咨询 关注 二维码,,,,,,
0,中国人民保险集团股份有限公司,2020年10月,集团 减持 美国 资本 持股 12 10 finetai 中国 万股,,,,,,
0,中国光大银行股份有限公司,2016年4月,附件 链接 货币 详情请 网站 簿记 标题 方案 承诺函 建档,,,,,,
0,中国光大银行股份有限公司,2016年9月,附件 发行 链接 货币 详情请 网站 标题 存单 同业 发布,,,,,,
0,中国光大银行股份有限公司,2017年3月,附件 链接 货币 详情请 网站 标题 更新 存单 同业 发行,,,,,,
0,中国光大银行股份有限公司,2017年4月,附件 链接 货币 详情请 网站 流通 标题 发布 光大银行 债券,,,,,,
0,中国光大银行股份有限公司,2017年8月,附件 链接 货币 详情请 网站 流通 标题 发布 光大银行 债券,,,,,,
0,中国光大银行股份有限公司,2020年3月,增长 亿元 同比 充足率 资本 百分点 年末 17 净收入 2019,,,,,,
0,中国光大银行股份有限公司,2020年6月,光大 年度 2019 审计 合并 2017 审计报告 政策 会计制度 会计,,,,,,
0,中国光大银行股份有限公司,2020年7月,27 董事会 董事 委员 委员会 执行 金融 工作 601818 sh,,,,,,
0,中国光大银行股份有限公司,2021年12月,光大银行 年度 2022 机构 审计 续聘 行政处罚 违法 乐居 财经,,,,,,
0,中国光大银行股份有限公司,2021年8月,科技 平台 光大 金融 创新 项目 区块 技术 数据 突破,,,,,,
0,中国光大银行股份有限公司,2021年9月,股东 监事会 监事 辞呈 提交 29 app 光大银行 发布公告 委员,,,,,,
0,中国再保险(集团)股份有限公司,2019年11月,中国 12 收入 按年 保费 再保险 财产保险 公布 1508 22,,,,,,
0,中国再保险(集团)股份有限公司,2021年10月,12 中国 资料 人民币 10 2021 22 25 334 91,,,,,,
0,中国农业发展银行,2016年8月,附件 发行 链接 金融债券 详情请 网站 标题 发布 中国农业发展银行 中债,,,,,,
0,中国农业发展银行,2017年4月,附件 链接 金融债券 货币 详情请 网站 标题 发布 付息 中国农业发展银行,,,,,,
0,中国农业发展银行,2017年8月,附件 链接 详情请 网站 标题 年报 发布 债网 中国农业发展银行 下载,,,,,,
0,中国农业发展银行,2019年1月,附件 链接 详情请 网站 第六次 标题 招标 投标书 应急 发行,,,,,,
0,中国农业发展银行,2021年11月,手机 客户 上线 银行 过程 优化 助力 该行 服务 配合,,,,,,
0,中国农业发展银行,2021年12月,年终 决算 贷款 支行 投放 各项 亿元 工作 部门 万元,,,,,,
0,中国农业发展银行,2021年1月,汕尾市 项目 城区 该行 农村 建设 工程 发放贷款 助力 生活,,,,,,
0,中国农业发展银行,2021年3月,支持 贷款 万元 投放 阳曲 增收 城乡 固定资产 园区 发展,,,,,,
0,中国农业发展银行,2021年5月,神农 56 08 首日 股价 破发 盘中 最低 发行价 发稿,,,,,,
0,中国农业发展银行,2021年9月,振兴 经济 乡村 服务 发展 拓展 成果 张昕 己任 孙金霞,,,,,,
0,中国农业发展银行,2022年2月,黄力辉 金融时报 编辑 石柳 来源 本期 张昕 孙金霞 制作 农村,,,,,,
0,中国农业银行股份有限公司,2017年5月,贷款 罚款 原因 经营 二十万元 规则 违反 审慎 尽职 万元,,,,,,
0,中国农业银行股份有限公司,2017年9月,附件 链接 货币 详情请 网站 流通 标题 发布 农业银行 债券,,,,,,
0,中国农业银行股份有限公司,2018年12月,分行 广东 终止 营业 外贸 融资 东阳 支行 金华 画溪,,,,,,
0,中国农业银行股份有限公司,2018年9月,吉林 迁址 分行 营业所 扎囊县 扎囊 山南 审核 所辖扎囊 我局,,,,,,
0,中国农业银行股份有限公司,2020年8月,支行 员工 于都县 行政处罚 印章 管控 到位 农行 公开 00,,,,,,
0,中国农业银行股份有限公司,2021年5月,h股 农行 买入 港元 鲁网 日讯 19 21 一家 临沂,,,,,,
0,中国农业银行股份有限公司,2021年7月,万亿 俄罗斯 零售 10 蔬菜 生菜 aum 招行 银行 绿叶,,,,,,
0,中国农业银行股份有限公司,2021年8月,金融时报 郝飞 胡奇武 编辑 睿智 王琼 来源 本期 孙金霞 制作,,,,,,
0,中国华电集团有限公司,2019年10月,附件 链接 上半年 上海 下载 中国华电集团有限公司 发布 发行 合并 年度,,,,,,
0,中国华电集团有限公司,2019年2月,附件 链接 货币 详情请 融资券 网站 第五期 短期 标题 年度,,,,,,
0,中国华电集团有限公司,2019年4月,附件 链接 下载 中国华电集团有限公司 发布 发行 年度 承诺函 方案 期超,,,,,,
0,中国华电集团有限公司,2021年2月,光伏 电网 电站 电力 接入 中国华电 项目 逆变器 快速 新能源,,,,,,
0,中国华电集团有限公司,2021年9月,新能源 特锐 中标 项目 中国华电 2021 2022 系统 有限公司 候选人,,,,,,
0,中国南方电网有限责任公司,2017年4月,附件 链接 详情请 网站 标题 年度报告 发布 公司债券 债网 中国南方电网有限责任公司,,,,,,
0,中国南方电网有限责任公司,2018年10月,制造业 用电 增长 广东 汽车 同比 增速 广东省 高于 社会,,,,,,
0,中国国家铁路集团有限公司,2018年8月,快运 有限公司 中铁 组建 顺丰 铁路 总公司 服务 物流 国际,,,,,,
0,中国国家铁路集团有限公司,2019年4月,隐含 17 主体 中证 aaa 1780086 铁道 评级 违约 07,,,,,,
0,中国国家铁路集团有限公司,2020年7月,附件 链接 铁路 详情请 网站 标题 建设 发布 兑付 债网,,,,,,
0,中国国家铁路集团有限公司,2021年12月,高铁 运营 赣深 列车 开通 深圳 铁路 赣州 小时 公里,,,,,,
0,中国国家铁路集团有限公司,2021年8月,铁路 建宁 宁化 浦梅 清流 在建 川北 山段 山南 山区,,,,,,
0,中国国新控股有限责任公司,2017年8月,附件 链接 货币 财务报表 详情请 网站 母公司 标题 合并 发布,,,,,,
0,中国国新控股有限责任公司,2018年9月,附件 链接 详情请 网站 清算 标题 本部 年经 审计报告 审计,,,,,,
0,中国太平洋保险(集团)股份有限公司,2019年6月,中国 股份 有限公司 太平洋 亿元 财产保险 累计 收入 子公司 太保,,,,,,
0,中国太平洋保险(集团)股份有限公司,2019年8月,资料 沽空 08 12 14 2019 23 25 282 89,,,,,,
0,中国太平洋保险(集团)股份有限公司,2020年7月,增持 大通 持股 摩根 资料 93 jpmorgan hk co chase,,,,,,
0,中国太平洋保险(集团)股份有限公司,2021年10月,最新 持股 减持 香港联交所 万股 0605 10 12 25 33,,,,,,
0,中国太平洋保险(集团)股份有限公司,2021年12月,市场 股价 影响 转型 板块 持续 发展 太保 市值 多种,,,,,,
0,中国太平洋保险(集团)股份有限公司,2021年8月,预期 下调 港元 预测 利润率 34 37 59 84 上半年,,,,,,
0,中国宝武钢铁集团有限公司,2019年6月,工信 长三角 座谈 三省 上海 主管部门 互联网 代表 工业 一市,,,,,,
0,中国工商银行股份有限公司,2017年10月,银行 贸易 背景 罚款 真实 承兑汇票 原因 办理 人民币 二十五,,,,,,
0,中国工商银行股份有限公司,2019年11月,指数 债券 人民币 中债 工行 中国 中央 境外 债券市场 结算,,,,,,
0,中国工商银行股份有限公司,2019年1月,韩慧卿 王玲梅 曹世宏 张国红 刘铸,,,,,,
0,中国工商银行股份有限公司,2020年3月,利息 收益率 港元 该行 预计 宽松 好于 同业 发布 前提,,,,,,
0,中国工商银行股份有限公司,2021年11月,我行 年报 谢谢 2020 绿色 纸质 需求 办公 多余 回答,,,,,,
0,中国工商银行股份有限公司,2021年1月,总行 人民币 营销 跨境 文武 唐亮 网点 副行长 行长 分管,,,,,,
0,中国工商银行股份有限公司,2021年6月,品牌 亿元 跨境 服务 世界 撮合 合作 全球 工行 中国,,,,,,
0,中国工商银行股份有限公司,2021年8月,民营企业 服务 支行 融智 工商银行 支持 产品 太原 办理 务实,,,,,,
0,中国平安保险(集团)股份有限公司,2018年9月,股通 买入 中国平安 累计 卖出 外资 上榜 成交 数据 同花顺,,,,,,
0,中国平安保险(集团)股份有限公司,2019年3月,股权 海外 数据 控股 投资 平安保险 亿美元 中国 万国,,,,,,
0,中国平安保险(集团)股份有限公司,2019年8月,成交 价格 资金 交易 315 43 50 5759 601318 79,,,,,,
0,中国平安保险(集团)股份有限公司,2020年5月,财务报表 章节 组合 投资 项目 参考 地产 回答 同花顺 合并,,,,,,
0,中国平安保险(集团)股份有限公司,2021年10月,亿元 同比 下降 净利润 季度 10 主营 中国平安 归母 扣非,,,,,,
0,中国平安保险(集团)股份有限公司,2021年1月,支付 技术 加快 利用 客户 高新技术 展开 国有 头部 导向,,,,,,
0,中国平安保险(集团)股份有限公司,2021年8月,资金 亿元 批准 100 自有 实施 回购 董事会 a股 披露,人寿保险 该行 下调 预期 价值 明年 港元 预测 盈利 持续,平安 医生 医疗 疫情 中国 金融 新冠 科技 收入 全球,,,,
0,中国建设银行股份有限公司,2017年9月,支行 中国建设银行 北京 昌平 行政处罚 给予 客户 张广太为 张广太 工作,,,,,,
0,中国建设银行股份有限公司,2018年11月,旅游 朔州市 朔州 经济 科技 发展 活动 金融 战略 山西省,,,,,,
0,中国建设银行股份有限公司,2019年4月,附件 流通 上市 链接 货币 详情请 网站 标题 建设银行 发布,,,,,,
0,中国建设银行股份有限公司,2019年5月,附件 流通 上市 链接 货币 详情请 网站 标题 建设银行 发布,,,,,,
0,中国建设银行股份有限公司,2020年12月,委员 委员会 董事会 保护 四大 吸收能力 发展 原因 十五分钟 副行长,,,,,,
0,中国建设银行股份有限公司,2020年6月,社会 成长 建行 仪式 计划 发放 分行 学校 中国建设银行 学生,,,,,,
0,中国建设银行股份有限公司,2021年11月,阿姨 江口 支行 建行 老人 客户 杨经理 服务 工作 老龄,,,,,,
0,中国建设银行股份有限公司,2021年12月,app 支付 服务 功能 整合 银行 下线 关停 咨询 客户,,,,,,
0,中国建设银行股份有限公司,2021年2月,附件 链接 详情请 董事会 联交所 网站 标题 披露 建设银行 发布,,,,,,
0,中国建设银行股份有限公司,2021年3月,2020 净利润 同比 增长 62 科技 能力 建设银行 建设 金融,,,,,,
0,中国建设银行股份有限公司,2021年9月,00 商务 建行 访问 将会 对善融 官网 善融 期间 标题,佛山 政务 赋能 智慧 服务 网点 科技 金融 数字 着力,账户 钱包 银行卡 建行 电子 限额 交易 三类 二类 银行,,,,
0,中国建设银行股份有限公司,2022年2月,分行 借款 利率 个人信用 建行 银行 产品 网贷 旺角 广场,,,,,,
0,中国民生银行股份有限公司,2016年5月,附件 发行 链接 货币 详情请 网站 标题 存单 同业 发布,,,,,,
0,中国民生银行股份有限公司,2016年7月,附件 发行 链接 货币 详情请 网站 标题 存单 同业 发布,,,,,,
0,中国民生银行股份有限公司,2017年5月,附件 链接 货币 详情请 网站 标题 存单 同业 发行 发布,,,,,,
0,中国民生银行股份有限公司,2017年6月,附件 链接 货币 详情请 网站 标题 存单 同业 发行 发布,,,,,,
0,中国民生银行股份有限公司,2017年7月,附件 链接 货币 详情请 网站 标题 存单 同业 发行 发布,,,,,,
0,中国民生银行股份有限公司,2017年8月,附件 链接 货币 详情请 网站 标题 存单 同业 发行 发布,,,,,,
0,中国民生银行股份有限公司,2017年9月,附件 标题 下载 中国民生银行股份有限公司 发布 链接 2017 网站 详情请 半年度,,,,,,
0,中国民生银行股份有限公司,2018年10月,附件 链接 货币 详情请 网站 流通 民生银行 标题 发布 债券,,,,,,
0,中国民生银行股份有限公司,2018年11月,附件 链接 货币 详情请 网站 标题 存单 同业 发行 发布,,,,,,
0,中国民生银行股份有限公司,2019年5月,附件 链接 货币 详情请 网站 标题 存单 同业 发行 发布,,,,,,
0,中国民生银行股份有限公司,2019年7月,附件 流通 上市 链接 货币 详情请 网站 民生银行 标题 发布,,,,,,
0,中国民生银行股份有限公司,2021年11月,港元 民行 瑞信 房地产 该行 增长 民生银行 民生 格隆汇 持续,,,,,,
0,中国民生银行股份有限公司,2021年1月,关注 二维码 金融 财富 诊断室 表达 蓝字 真爱扫 点击 点个,,,,,,
0,中国民生银行股份有限公司,2021年5月,百科 关注 支付 连续 微信 上交所 下方 业绩 净利润 出品,,,,,,
0,中国民生银行股份有限公司,2021年8月,亿元 年末 比上 百分点 总额 不良贷款 增加 降幅 拨备 75,,,,,,
0,中国电信股份有限公司,2018年12月,终端 watch huawei 智能 功能 用户 一号 号码 附属 城市,,,,,,
0,中国电信股份有限公司,2019年6月,中国电信 港元 最新 减至 9283 万股 万港元 99 96 资料,,,,,,
0,中国电信股份有限公司,2020年11月,工作 计划 11 股权 实施 激励 关注 2020 中国电信 一段,,,,,,
0,中国电信股份有限公司,2020年12月,合作 知名企业 关系 南方电网 12 中国 中国电信 中国移动 中国联通 中国铁塔,,,,,,
0,中国电信股份有限公司,2020年3月,中国电信 提供 服务 200m 期间 免费 电信 提速 家庭 疫情,,,,,,
0,中国电信股份有限公司,2020年4月,附件 链接 货币 详情请 融资券 网站 第六期 短期 标题 年度,,,,,,
0,中国电信股份有限公司,2020年7月,京津冀 数据 项目 建设 第一批 交付 基地 协同 北京 加快,,,,,,
0,中国电信股份有限公司,2021年1月,物流 futu 公路 运力 h股 investment provide reserved rights 中国电信,,,,,,
0,中国电信股份有限公司,2021年4月,5g 深圳 city 城市 创新 基建 建设 2020 打造 中国电信,电讯 港元 成本 金融界 下调 三大 联通 增长 持续 资本,5g 能力 深圳 提供 城市 中国电信 行业 解决方案 定制 网络,,,,
0,中国电信股份有限公司,2021年6月,a股 中国电信 h股 回购 破净 有损 方案 招股 披露 股价,,,,,,
0,中国电子信息产业集团有限公司,2016年11月,附件 公司债券 链接 详情请 网站 第二期 票面 标题 发布 利率,,,,,,
0,中国电子科技集团有限公司,2020年4月,附件 链接 详情请 董事 网站 电科 深交所 标题 变更 发生,,,,,,
0,中国石油化工股份有限公司,2020年11月,领导 能源 消息 海贝 最新 大庆油田 后续 变动 动态 关注,,,,,,
0,中国石油化工股份有限公司,2020年2月,资料 沽空 最少 报价 延迟 十五分钟 25 2020 19 16,,,,,,
0,中国石油化工股份有限公司,2020年4月,亿元 担保 提供 第一季度 2020 香港 金额 亿美元 中国 股份,,,,,,
0,中国石油化工股份有限公司,2020年5月,聚丙烯 材料 熔喷 高驻 感谢您 稳定性 气味 谢谢 制备 均化,,,,,,
0,中国石油化工股份有限公司,2020年8月,附件 链接 资产 详情请 网站 清算 标题 投资 对外 发布,,,,,,
0,中国石油化工股份有限公司,2021年12月,inc blackrock 增持 持股 最新 万港元 hk app 951 943,,,,,,
0,中国石油天然气股份有限公司,2018年10月,亿立方米 苏桥 注气 气量 新一轮 华北油田 储气库 中石油 57 18,,,,,,
0,中国石油天然气股份有限公司,2019年9月,亏损 石油 垄断 国民 国家 现如今 中石化 加油站 中石油 状态,,,,,,
0,中国石油天然气股份有限公司,2020年12月,减持 blackrock inc 最新 2020 238 万股 万港元 00857 hk,,,,,,
0,中国石油天然气股份有限公司,2020年3月,下调 亿元 人民币 进口 中石油 估值 管道 机会 天然气 该行,,,,,,
0,中国石油天然气股份有限公司,2020年6月,06 主体 最新 评级 aaa 16 中油 136319 14 18,,,,,,
0,中国石油天然气股份有限公司,2021年10月,港元 预测 调升 目标价 盈利 升至 hk 股份 69 美元,,,,,,
0,中国石油天然气股份有限公司,2021年1月,美元 瑞信 成本 同意 中石油 收入 管道 去年 A期 预期,,,,,,
0,中国石油天然气股份有限公司,2021年3月,金融 同比 19338 2020 23 36 中国 中心 亿元 发布公告,,,,,,
0,中国石油天然气股份有限公司,2021年5月,沥青 万吨 增产 产量 炼厂 本月 增加 石化 最为 增长,,,,,,
0,中国石油天然气股份有限公司,2021年6月,2021 第一季度 中国 石化 回答 29 601857 上交所 中国石油天然气股份有限公司 亏损,,,,,,
0,中国石油天然气股份有限公司,2022年1月,华北 岗位 骤降 长城 一线 中石油 任丘市 位于 保障 冀云,,,,,,
0,中国移动通信集团有限公司,2018年8月,咪咕 文化 创新 空间 中国移动 提供 内容 启动 视频 文创,,,,,,
0,中国第一汽车集团有限公司,2020年1月,一汽 中国 智能 合作 阿里巴巴 推动 物流 协议 基础设施 落地,,,,,,
0,中国联合网络通信股份有限公司,2018年10月,港元 智通 目标价 中国联通 该行 电信 亿元 中国电信 网络 人民币,,,,,,
0,中国联合网络通信股份有限公司,2018年12月,5g 景区 旅游 游客 红旗渠 智慧 红色 文化 服务 技术,,,,,,
0,中国联合网络通信股份有限公司,2019年11月,5g 实验室 矿业大学 推动 中国联通 联合 地下 空间 中国 技术,,,,,,
0,中国联合网络通信股份有限公司,2019年8月,5g 资费 套餐 最低 韩国 约合 人民币 流量 190 南方,,,,,,
0,中国联合网络通信股份有限公司,2019年9月,新加坡 通道 电信 重庆市委 市政府 一图 专用 中国电信 中国移动 中国联通,,,,,,
0,中国联合网络通信股份有限公司,2020年3月,中国联通 亿元 5g 共享 建设 投资 共建 开支 节省 财报,,,,,,
0,中国航天科工集团有限公司,2021年8月,13 股份 71 减持 届满 17 2194 36 万股 交易,,,,,,
0,中国船舶重工集团有限公司,2019年10月,集团 中国 防务 重组 财经 船舶工业 联合 科技 有限公司 批准,,,,,,
0,中国船舶重工集团有限公司,2019年4月,附件 链接 货币 详情请 网站 标题 年度报告 发布 中国船舶重工集团有限公司 下载,,,,,,
0,中国进出口银行,2016年11月,发行 附件 链接 2015 2016 下载 中债 中国进出口银行 发布 增发,,,,,,
0,中国进出口银行,2016年5月,附件 付息 链接 金融债券 详情请 网站 第三十 标题 发布 兑付,,,,,,
0,中国进出口银行,2016年8月,附件 发行 文件 2016 下载 中债 中国进出口银行 发布 增发 标题,,,,,,
0,中国进出口银行,2017年1月,附件 链接 金融债券 详情请 网站 标题 承销 年度 发布 协议,,,,,,
0,中国进出口银行,2017年2月,附件 链接 详情请 网站 标题 年度报告 发布 债网 中国进出口银行 下载,,,,,,
0,中国进出口银行,2017年3月,附件 债网 170303 170304 2017 下载 中国进出口银行 价位 发布 链接,,,,,,
0,中国进出口银行,2017年5月,附件 链接 金融债券 详情请 网站 第二期 标题 发布 债网 付息,,,,,,
0,中国进出口银行,2017年8月,附件 发布 金融债券 详情请 网站 下载 中国进出口银行 标题 债网 链接,,,,,,
0,中国进出口银行,2017年9月,附件 增发 下载 中国进出口银行 价位 债网 发布 发行 招标 链接,,,,,,
0,中国进出口银行,2018年10月,附件 链接 金融债券 详情请 网站 第十三 第一次 标题 招标书 增发,,,,,,
0,中国进出口银行,2019年10月,附件 增发 下载 中国进出口银行 价位 债网 发布 发行 招标 链接,,,,,,
0,中国进出口银行,2019年4月,附件 链接 金融债券 详情请 网站 第十次 第三期 标题 招标书 增发,,,,,,
0,中国进出口银行,2019年9月,附件 链接 金融债券 货币 详情请 网站 标题 承销 年度 发布,,,,,,
0,中国进出口银行,2020年12月,江苏省 人民币 金融 分行 跨境 发挥 办理 承包工程 中国进出口银行 对外,,,,,,
0,中国通用技术(集团)控股有限责任公司,2019年5月,汽车 集团 中国 哈萨克斯坦 工业 江淮 收购 签约 联合 51,,,,,,
0,中国邮政储蓄银行股份有限公司,2018年11月,小微 贷款 小企业 服务 融资 产品 分行 民营企业 降低 成本,,,,,,
0,中国邮政储蓄银行股份有限公司,2018年12月,investment 增持 csic 持股 one 银行 574 hk 98 6341,,,,,,
0,中国邮政储蓄银行股份有限公司,2019年7月,大通 06 持股 摩根 港交所 减持 chase 万股 jpmorgan hk,,,,,,
0,中国邮政储蓄银行股份有限公司,2020年11月,系统 客户 银行 远程 受理 贷款 消费 邮储 申请 材料,,,,,,
0,中国邮政储蓄银行股份有限公司,2020年5月,银行 邮储 分行 满意度 全省 服务 客户 资产 港元 盈利,,,,,,
0,中国邮政储蓄银行股份有限公司,2021年4月,银行 师可克 提供 支持 邮储 达拉 伊犁州 第四 分行 新疆,,,,,,
0,中国铁塔股份有限公司,2020年6月,项目 中国铁塔 参与 通信 中标 今年以来 关注 包括 厂商 同花顺,,,,,,
0,中国铁塔股份有限公司,2021年4月,资料 沽空 最少 报价 延迟 十五分钟 25 2021 19 16,,,,,,
0,中国铁塔股份有限公司,2021年6月,中标 候选人 有限公司 份额 项目 空调 投标 报价 海信 海悟,,,,,,
0,中国银行股份有限公司,2020年10月,亿元 按年 增长 19 第三季 高于 447 中国银行 下同 hk,,,,,,
0,中国银行股份有限公司,2020年11月,肖伟 该行 董事会 辞去 年龄 hk 中国银行 任职期间 做出 公布,,,,,,
0,中国银行股份有限公司,2020年4月,原油 中国银行 今日 维权 划转 账户 举报信 联社 风险 多位,,,,,,
0,中国银行股份有限公司,2020年9月,我行 留存 经济 实体 利润 股价 发展 回答 同花顺 周期,,,,,,
0,中国银行股份有限公司,2021年12月,分红 海关 中行 现金 分行 合作 中国银行 发展 2021 回报,,,,,,
0,中国银行股份有限公司,2021年2月,发展 科技 旗天 数字 经济 城市 上海 持续 中国银行 分行,,,,,,
0,中国银行股份有限公司,2021年3月,服务 创新 消费者 广东 发展 外资企业 广东省 融资 合作 支持,,,,,,
0,中国银行股份有限公司,2021年5月,产品 人民币 数字 首届 中国银行 体验 博会 参展 展示 娱乐,,,,,,
0,中国银行股份有限公司,2022年2月,客户 福费廷 息差 增长 贷款 信用证 分行 预计 2021 临沂,,,,,,
0,中微半导体设备(上海)股份有限公司,2021年2月,人民币 万元 政府 补助 2021 22 1340 2477 29 688012,,,,,,
0,中欧基金管理有限公司,2021年7月,业绩 长期 说话 主动 投资 聚焦 股东 权益 规模 资产,,,,,,
0,中联重科股份有限公司,2019年7月,起重机 该行 评级 中联重科 预计 2020 回升 指出 货车 机械,,,,,,
0,中联重科股份有限公司,2020年12月,盘中 振幅 中联重科 73 2020 12,,,,,,
0,中联重科股份有限公司,2020年4月,现金流 港元 首季 管理层 发展 收入 中联重科 营运 野村 43,,,,,,
0,中联重科股份有限公司,2021年10月,下调 收入 百分点 预测 增长 亿元 人民币 放缓 港元 同比,,,,,,
0,中芯国际集成电路制造有限公司,2019年12月,同花顺 财经 同比 25 60 8318 ths518 万美元 中芯 公众,,,,,,
0,中芯国际集成电路制造有限公司,2020年12月,芯片 我国 行业 崛起 科技 万家 美国 发展 数量 中国,国际 尚义 中芯 希望 梁孟松 辞职 周子学 武汉 来到 弘芯,工艺 制程 先进 中国 内地 国际 芯片 生产 三星 14nm,,,,
0,中芯国际集成电路制造有限公司,2020年4月,华为 芯片 国际 中芯 美国 台积 产能 生产 半导体 设计,,,,,,
0,中芯国际集成电路制造有限公司,2020年5月,国际 中芯 天津 集成电路 投产 晶圆 代工 你好 供应商 供货,,,,,,
0,中芯国际集成电路制造有限公司,2020年9月,股东 这是 报销 688981 予以 关注 办公室 同花顺 告知 商业,,,,,,
0,中芯国际集成电路制造有限公司,2021年11月,亿美元 销售额 增长 按季 高于 瑞信 增加 港元 11 该行,,,,,,
0,中芯国际集成电路制造有限公司,2021年1月,披露 信息 财经 客户 29 688981 上市 义务 事项 半导体,,,,,,
0,中芯国际集成电路制造有限公司,2021年2月,计划 认股权 支薪 奖励 国际 合计 发行 发布公告 以股 中芯,,,,,,
0,中芯国际集成电路制造有限公司,2021年5月,预期 亿美元 收入 毛利率 环比 成长 国际 中芯 一季度 博士,,,,,,
0,交通银行股份有限公司,2018年10月,附件 违规 办理 贷款 责任 交通银行股份有限公司 同业 发行 发布 标题,,,,,,
0,交通银行股份有限公司,2019年4月,附件 流通 上市 链接 货币 详情请 网站 标题 发布 债券,,,,,,
0,交通银行股份有限公司,2020年11月,普惠 金融 分行 产品 服务 小微 创新 融资 客户 发展,,,,,,
0,交通银行股份有限公司,2020年7月,20 董事会 原因 2020 601328 sh 之日起 书面报告 交通银行 公布,,,,,,
0,交通银行股份有限公司,2021年11月,高合 汽车 华人 战略 全球 量产 用户 首款 hiphi 品牌,,,,,,
0,交通银行股份有限公司,2021年8月,贷款 零售 对公 一季度 提问 增幅 金融 同花顺 中心 研究,,,,,,
0,京东方科技集团股份有限公司,2019年3月,重庆 超过 资拟 股份 股东 建翔 合计 合肥 减持 京东方,,,,,,
0,京东方科技集团股份有限公司,2020年10月,b1 营收 顺利 手机 10 26 lcd 产品 产线 京东方,,,,,,
0,京东方科技集团股份有限公司,2020年11月,领导 地区 11 30 产品 京东方 伙伴 全球 前提 华为,,,,,,
0,京东方科技集团股份有限公司,2021年10月,产品 led mini micro 显示 lcd 驱动 布局 cob 谢谢,,,,,,
0,京东方科技集团股份有限公司,2021年12月,lcd 产品 技术 显示 柔性 oled 提升 持续 amoled 生产线,,,,,,
0,京东方科技集团股份有限公司,2021年5月,苹果 中国 供应商 供应链 京东方 提供 韩国 iphone oled 消息,,,,,,
0,京东方科技集团股份有限公司,2021年9月,芯片 ddi 集成电路 行业 投资 面板 有限公司 京东方 设计 科技,,,,,,
0,京东方科技集团股份有限公司,2022年1月,显示屏 京东方 ipad 客户 周期 2022 市场 面板 工厂 供应商,,,,,,
0,京东方科技集团股份有限公司,2022年2月,京东方 面板 苹果 供应 本月 短缺 生产 oled iphoneoled 显见,,,,,,
0,兴业银行股份有限公司,2016年11月,附件 绿色 兴业银行股份有限公司 第三期 2016 金融债券 网站 详情请 货币 链接,,,,,,
0,兴业银行股份有限公司,2016年3月,附件 发行 链接 货币 详情请 网站 标题 存单 同业 发布,,,,,,
0,兴业银行股份有限公司,2016年6月,附件 发行 链接 货币 详情请 网站 标题 存单 同业 发布,,,,,,
0,兴业银行股份有限公司,2017年4月,附件 链接 货币 详情请 网站 标题 存单 同业 发行 发布,,,,,,
0,兴业银行股份有限公司,2017年6月,附件 链接 货币 详情请 网站 标题 存单 同业 发行 发布,,,,,,
0,兴业银行股份有限公司,2017年8月,附件 链接 货币 详情请 网站 标题 存单 同业 发行 发布,,,,,,
0,兴业银行股份有限公司,2017年9月,附件 链接 货币 详情请 网站 标题 存单 同业 发行 发布,,,,,,
0,兴业银行股份有限公司,2018年9月,附件 链接 货币 详情请 网站 标题 存单 同业 发行 发布,,,,,,
0,兴业银行股份有限公司,2020年10月,附件 季度 链接 金融债券 资金 详情请 网站 绿色 标题 发布,,,,,,
0,兴业银行股份有限公司,2020年12月,风险 我行 24 601166 不良 仁东 借款 兴业银行 分类 办理,,,,,,
0,兴业银行股份有限公司,2020年1月,2019 兴业银行 资产 增长 差异 期末 业绩 期初 亿元 数据,,,,,,
0,兴业银行股份有限公司,2020年5月,兴业银行 分红 提高 银行业 逐年 601166 你好 公布 分配 希望,,,,,,
0,兴业银行股份有限公司,2021年11月,合规 董事 员工 独立 董事会 11 阳光城 风险 此前 结束,,,,,,
0,兴业银行股份有限公司,2021年4月,增长 同比 收入 净收入 亿元 13 母公司 手续费 成本 归属于,,,,,,
0,兴业银行股份有限公司,2021年6月,瑞尔 资本 融资 口腔 齿科 集团 品牌 医生 医疗 服务,,,,,,
0,兴业银行股份有限公司,2021年8月,万元 罚款 中国邮政储蓄银行股份有限公司 时任 违反 总经理 信息 警告 提供 广州市,,,,,,
0,兴业银行股份有限公司,2022年1月,粮食 11 银行 统计 发布 业绩 新闻记者 澎湃 陈佩珍 a股,,,,,,
0,兴证全球基金管理有限公司,2020年6月,附件 标题 仲裁 兴全基金 北京华 发布 控股 有限公司 涉及 链接,,,,,,
0,兴证全球基金管理有限公司,2020年7月,基金 经理 规模 业绩 投资 价值 周期 个股 风格 市场,,,,,,
0,兴证全球基金管理有限公司,2021年8月,最新 58 增持 持股 万股 17 2381 48 作价 49,,,,,,
0,分众传媒信息技术股份有限公司,2018年8月,知商 在线 2015 中国 扫描 高峰论坛 十大 咨询 同步 发布,,,,,,
0,分众传媒信息技术股份有限公司,2020年11月,亿元 分众传媒 增长 同比 电梯 净利润 楼宇 三季度 核心 下降,,,,,,
0,分众传媒信息技术股份有限公司,2021年3月,业绩 预告 第一季度 2020 2021 24 sz 一季度 亮眼 分众,,,,,,
0,分众传媒信息技术股份有限公司,2021年7月,新能源 未来 海外 汽车 建议 城市 广告 年末 已有 展开,,,,,,
0,北京亦庄国际投资发展有限公司,2017年12月,附件 链接 详情请 董事 网站 标题 总经理 变动 发生 发布,,,,,,
0,北京兆易创新科技股份有限公司,2018年11月,讯安 投资 2018 减持 11 有限公司 万股 流通股 22 23,,,,,,
0,北京兆易创新科技股份有限公司,2020年1月,香港 减持 赢富 有限公司 10 2019 2020 309 34 一明,,,,,,
0,北京兆易创新科技股份有限公司,2021年3月,费用 技术 dram 开拓 互动 代销 平台 市场 阶段 利润率,,,,,,
0,北京兆易创新科技股份有限公司,2021年4月,16 国泰君安 信息 发出 内幕 督导 业绩 泄露 提前 券商,,,,,,
0,北京兆易创新科技股份有限公司,2021年8月,盘中 日兆易 振幅 创新 2021 17 01,,,,,,
0,北京国联视讯信息技术股份有限公司,2020年8月,股东 10 截止 名册 14 14251 2020 603613 中国 人数,,,,,,
0,北京国联视讯信息技术股份有限公司,2022年1月,亿元 增长 预计 至约 净利润 收入 同比增加 同期相比 增加 71,,,,,,
0,北京当当网信息技术有限公司,2020年5月,亿元 亿人 用户数 注册 净利润 规模 营收 2018 2017 2016,,,,,,
0,北京银行股份有限公司,2016年11月,附件 流通 上市 链接 货币 详情请 网站 标题 发布 北京银行,,,,,,
0,北京银行股份有限公司,2016年3月,附件 发行 链接 货币 详情请 网站 标题 存单 同业 发布,,,,,,
0,北京银行股份有限公司,2016年5月,附件 流通 上市 链接 货币 详情请 网站 标题 发布 北京银行,,,,,,
0,北京银行股份有限公司,2017年4月,附件 链接 财务报表 详情请 网站 标题 季度 发布 北京银行股份有限公司 债网,,,,,,
0,北京银行股份有限公司,2017年5月,附件 链接 货币 详情请 网站 流通 标题 发布 北京银行 债券,,,,,,
0,北京银行股份有限公司,2017年7月,附件 链接 货币 详情请 网站 标题 存单 同业 发行 发布,,,,,,
0,北京银行股份有限公司,2019年1月,附件 链接 货币 详情请 网站 标题 存单 同业 发行 发布,,,,,,
0,北京银行股份有限公司,2020年4月,银行 北京银行 112012032 20 98 cd032 主体 显示 84 评级,,,,,,
0,北京银行股份有限公司,2021年9月,源品 生物 北京银行 一行 董事长 干细胞 胡波 考察 监事长 中心,,,,,,
0,华为投资控股有限公司,2018年11月,在线 扫描 点击 微信 客服 图片 咨询 关注 二维码 gif,,,,,,
0,华为投资控股有限公司,2018年9月,20 mate 双卡 双待 两个 iphone 双通 华为 方案 散热,,,,,,
0,华为投资控股有限公司,2019年12月,网络 5g telef nica 将会 华为 运营 展开 合作 供应商,,,,,,
0,华为投资控股有限公司,2019年5月,华为 松下 合作伙伴 回应 报道 断供 感谢 集团 美国 对华,,,,,,
0,华为投资控股有限公司,2019年6月,华为 pc 发展 人士 产品线 产品 驳斥 变化 原定 发布,,,,,,
0,华为投资控股有限公司,2019年8月,现如今 华为 领头羊 这家 评论 离不开 毫无疑问 时代 扫描 微信,,,,,,
0,华为投资控股有限公司,2020年11月,荣耀 华为 出售 这件 市场 芯片 活下去 分家 算是 更好,申请 海力士 供货 许可 外媒 出口 报道 hynix 华为 卖出,项目 华为 002284 合作项目 喜欢 汽车 线控 亚太 同花顺 提问,,,,
0,华为投资控股有限公司,2020年12月,鸿蒙 系统 标题 发布 华为 升级 亿左右,,,,,,
0,华为投资控股有限公司,2020年4月,华为 办公 matebook 系列 在线 工作 屏幕 信号 护眼 手机,,,,,,
0,华为投资控股有限公司,2020年5月,计划 参与 华为 芯片 请问 关注 感谢您 谢谢 有限公司 财经,无人驾驶 汽车 产品 5g 生态 系统 世宝 封闭 智能 研发,A 晶片 美 指出 人士 制裁 定 一年 r 有限,,,,
0,华为投资控股有限公司,2020年6月,财经 取得联系 29893456 81300 cn com ir szkexin 事业部 交流,,,,,,
0,华为投资控股有限公司,2020年7月,首次 项目 14 2017 300079 700m 700mhz 上海 两年 关注,,,,,,
0,华为投资控股有限公司,2020年8月,芯片 光刻机 华为 国内 生产 半导体芯片 高端 发展 海思 麒麟,巴西 华为 美国 电信 5g 合作 提供 对华 选择 威胁,核准 5g 型号 700mhz 无线电 广电 终端 设备 发射 基站设备,,,,
0,华为投资控股有限公司,2020年9月,科技 南京 有限公司 合伙 工商 微电子 视界 电子科技 显示 信息,nova 华为公司 系列 系列产品 公布 荣耀 麒麟 pro p40 30,机器人 子公司 解决方案 回答 新能源 方案 领域 谢谢 合作 焊接,,,,
0,华为投资控股有限公司,2021年11月,荣耀 华为 手机 中国区 折叠 x10 机型 发布 成绩 发货,,,,,,
0,华为投资控股有限公司,2021年12月,A 芯片 p50 消息 一款 C款  早前 麒麟 pocket,,,,,,
0,华为投资控股有限公司,2021年1月,鸿蒙 系统 关注 参与 适配 研发 现有 软件 财经 请问,荣耀 上市 华为 手机 lv 产品设计 高通 员工 亿元 设计,孟晚 安保 LU 肺炎 保 法庭 l件 央W K不 中曾,,,,
0,华为投资控股有限公司,2021年2月,智能 交通 项目 领域 工业 华为 合作 恩施州 谢谢 回答,,,,,,
0,华为投资控股有限公司,2021年3月,荣耀 华为 目标 赵明 发展 超越 创新 顶级 产品 任正非,排名 全景网 增长 亿元 公有 同比 人民币 华为 2020 第二名,荣耀 华为 系列 芯片 旗舰 资产 出售 magic 产品 未来,,,,
0,华为投资控股有限公司,2021年4月,小米 产品 科技 极狐 优秀 回答 财经 2021 日讯 提问,华为 网络 汽车 全球 智能 技术 设备 5g 法例 政府,app 商店 工信部 手机 侵害 整改 权益 通报 用户 138,,,,
0,华为投资控股有限公司,2021年5月,华为 合作 谢谢 苹果 余承东 让给 2021 进一步 同花顺 请问,,,,,,
0,华为投资控股有限公司,2021年6月,鸿蒙 华为 pro os matepad 花粉 系统 mate40 新品 用户,,,,,,
0,华为投资控股有限公司,2021年7月,华为 6g 发射 消息 苏菁 智能 杀人 概率 接任 免去,,,,,,
0,华为投资控股有限公司,2021年8月,华为 汽车 消息 零部件 供应商 出售 批准 用于 芯片 美国,点击 阅读 近日 订阅 知家 精彩 电动 发展潜力 多年 处于,英国 华为 美国 设备 发展 5g 我国 拆除 收购 智能手机,,,,
0,华为投资控股有限公司,2021年9月,华为 北斗 支持 荣耀 卫星 导航 卫星通信 系列 huawei 畅享,,,,,,
0,华为投资控股有限公司,2022年1月,华为 p50 手机 系列 5g pro 鼎桥 定制 支持 采用,,,,,,
0,华为投资控股有限公司,2022年2月,河北区 华为 项目 天津 区域 创新 总部 落户 关注 加大,,,,,,
0,华夏人寿保险股份有限公司,2019年4月,附件 年度报告 2018 下载 债券 华夏人寿保险股份有限公司 印版 发布 标题 链接,,,,,,
0,华夏银行股份有限公司,2016年12月,附件 发行 链接 货币 详情请 网站 标题 存单 同业 发布,,,,,,
0,华夏银行股份有限公司,2017年3月,附件 链接 货币 详情请 网站 标题 存单 同业 发行 发布,,,,,,
0,华夏银行股份有限公司,2017年6月,附件 链接 货币 详情请 网站 流通 标题 发布 华夏银行 债券,,,,,,
0,华夏银行股份有限公司,2018年8月,附件 链接 货币 详情请 网站 标题 存单 同业 发行 发布,,,,,,
0,华夏银行股份有限公司,2020年1月,发展 亿元 京津冀 协同 重点项目 服务 产业 各类 华夏银行 储备,,,,,,
0,华夏银行股份有限公司,2021年10月,借款 10 北京 亿元 期限 人民币 流动资金 华夏银行股份有限公司 支行 余额,,,,,,
0,华夏银行股份有限公司,2021年8月,万元 银行 罚款 交通银行 违反 罚没 账户 建设银行 华夏银行 兴业银行,,,,,,
0,华数数字电视传媒集团有限公司,2019年4月,附件 链接 货币 详情请 融资券 网站 第一期 短期 申购 标题,,,,,,
0,华泰柏瑞基金管理有限公司,2018年12月,亿份 亿元 融资 融券 余量 余额 etf 权益 10 卖出,,,,,,
0,华谊兄弟传媒股份有限公司,2019年2月,纳税 东阳 位列 2018 工作室 东阳市 知否 亿元 大户 前三名,,,,,,
0,华谊兄弟传媒股份有限公司,2019年4月,兄弟 华谊 上年 2018 下降 收入 亿元 板块 有限公司 同期,,,,,,
0,华谊兄弟传媒股份有限公司,2019年7月,八佰 电影 影片 上映 市场 华谊 暑期 票房 中国 兄弟,,,,,,
0,华谊兄弟传媒股份有限公司,2021年4月,项目 期限 影视剧 授信 子公司 招商银行 融资 主体 亿元 兄弟,,,,,,
0,协鑫集团有限公司,2018年11月,朱共山 朱钰峰 中国 新能源 法定代表 创始人 发生 集团 显示 协鑫,,,,,,
0,南京银行股份有限公司,2016年3月,附件 付息 链接 金融债券 货币 详情请 网站 第二期 标题 发布,,,,,,
0,南京银行股份有限公司,2016年4月,附件 发行 链接 货币 详情请 网站 标题 存单 同业 发布,,,,,,
0,南京银行股份有限公司,2016年8月,附件 流通 上市 链接 货币 详情请 网站 标题 发布 南京银行,,,,,,
0,南京银行股份有限公司,2016年9月,附件 流通 上市 链接 货币 详情请 网站 标题 发布 南京银行,,,,,,
0,南京银行股份有限公司,2017年2月,附件 链接 货币 详情请 网站 标题 存单 同业 发行 发布,,,,,,
0,南京银行股份有限公司,2017年3月,附件 链接 货币 详情请 网站 标题 存单 同业 发行 发布,,,,,,
0,南京银行股份有限公司,2017年4月,附件 链接 货币 详情请 网站 标题 存单 同业 发行 发布,,,,,,
0,南京银行股份有限公司,2017年9月,附件 链接 货币 详情请 网站 标题 存单 同业 发行 发布,,,,,,
0,南京银行股份有限公司,2020年11月,银行 最新 二级 南京银行 aaa 19 1920091 评级 主体 15,,,,,,
0,南京银行股份有限公司,2021年5月,绿色 2021 未来 经营 业绩 市场 客户 南京银行 项目 银行,,,,,,
0,南方基金管理股份有限公司,2020年11月,esg 投资 南方基金 基金 上市公司 社会 评级 资本 国内 发展,,,,,,
0,南方基金管理股份有限公司,2020年12月,etf 鹏华基金 上报 债券 南方基金 工银 中证 产品 华中 华富,,,,,,
0,南方基金管理股份有限公司,2021年4月,基金 榜单 月份 2021 统计 结果显示 上投摩根 中欧基金 信号 全景,,,,,,
0,南方基金管理股份有限公司,2021年7月,南方基金 附件 风险 人员 冒用 发布 名义 基金 子公司 官网,,,,,,
0,厦门建发股份有限公司,2020年7月,建发 投资 股份 子公司 全资 厦门 股权 新兴产业 黑蚁 关注,,,,,,
0,厦门金圆投资集团有限公司,2019年9月,附件 链接 详情请 网站 深交所 标题 总经理 变动 发生 发布,,,,,,
0,吉艾科技集团股份公司,2020年10月,担保 提供 加拉 高怀雪及 免于 吉艾 发生 反担保 关联 公布,,,,,,
0,咪咕文化科技有限公司,2019年5月,项目 合作 战略 2020 内容 咕数媒 音乐 2019 中文 关注,,,,,,
0,嘉实基金管理有限公司,2020年8月,半年度 同比增加 显示 金融资产 63 中证 上市公司 991 920 68,,,,,,
0,四川新闻网传媒(集团)股份有限公司,2021年10月,下降 同比 传媒 每经 10 万元 19 22 股东 川网,,,,,,
0,四川新闻网传媒(集团)股份有限公司,2021年5月,学习 强国 回答 2021 300987 传媒 内容 参与 同花顺 向川网,,,,,,
0,国家开发银行,2021年6月,学习 推荐 青岛 案例 人生 分享 创新 忘记 思路 总会,,,,,,
0,国家电力投资集团有限公司,2018年8月,附件 链接 上海 下载 发布 发行 国家电力投资集团有限公司 年度 文件 期超,,,,,,
0,国家电力投资集团有限公司,2020年11月,1380239 13 aaa 中电投 最新 主体 评级 11 107 1345,,,,,,
0,国家电网有限公司,2016年12月,附件 链接 详情请 网站 第一期 标题 国家电网 发布 企债 企业债券,,,,,,
0,国泰君安证券股份有限公司,2020年10月,附件 链接 上交所 下载 债券 公司债券 发布 发行人 品种 国泰君安,,,,,,
0,国药控股股份有限公司,2020年4月,01099 纯利 hk 按年 亿元 16 2020 24 25 公布,,,,,,
0,国药控股股份有限公司,2021年10月,港元 人民币 30 预测 录得 医疗器械 分销 按年 盈利 大摩,,,,,,
0,国药控股股份有限公司,2021年4月,亿元 同比 增长 归属于 股东 上市公司 净利润 64 600511 50,,,,,,
0,宁德时代新能源科技股份有限公司,2019年1月,星云 股份 储能 宁德时代 系统 智能 合作 服务 围绕 检测,,,,,,
0,宁德时代新能源科技股份有限公司,2019年3月,关注 电池 设备 建议 宁德时代 新能源 产能 增长 市场 国内,,,,,,
0,宁德时代新能源科技股份有限公司,2020年10月,宁德时代 亿元 深股通 同花顺 买入 同比 数据 卖出 成交 外资,,,,,,
0,宁德时代新能源科技股份有限公司,2020年11月,薪酬 核心 委员会 能源 挂钩 管理层 提供 发展 化石 目标,,,,,,
0,宁德时代新能源科技股份有限公司,2020年2月,电池 磷酸 锂电池 密度 续航 能量 铁锂 技术 宁德时代 特斯拉,,,,,,
0,宁德时代新能源科技股份有限公司,2020年6月,研究 研发 产品 电池 固态 关注 宁德时代 中心 金融 前沿,,,,,,
0,宁德时代新能源科技股份有限公司,2020年7月,合作 检测 星云 宁德时代 产品 福建 有限公司 子公司 多方面 回答,,,,,,
0,宁德时代新能源科技股份有限公司,2020年8月,合伙 2020 有限 新能源 投资 宁波 联合 创新 减持 二级,,,,,,
0,宁德时代新能源科技股份有限公司,2020年9月,披露 贵司 连跌 影响 24 事情 信息 入股 利空 半个,,,,,,
0,宁德时代新能源科技股份有限公司,2021年10月,电池 投资 有限公司 科技 研发 时代 包括 新能源 亿美元 毛利,,,,,,
0,宁德时代新能源科技股份有限公司,2021年11月,平台 隔离 设立 宁德时代 项目 持有 亿元 股权 合作 恩捷,,,,,,
0,宁德时代新能源科技股份有限公司,2021年12月,宁德时代 恩捷 上海 小鹏 文章 隔膜 预付款 湿法 动力电池 汽车,,,,,,
0,宁德时代新能源科技股份有限公司,2021年1月,锂电池 行业 落后 黄花 利润率 封装 宁德时代 多年 回答 后起之秀,,,,,,
0,宁德时代新能源科技股份有限公司,2021年2月,解禁 机构 配售 定向 增发 股份 性质 市值 亿元 市场,,,,,,
0,宁德时代新能源科技股份有限公司,2021年6月,电池 特斯拉 宁德时代 电动汽车 签订 锂离子 协议 动力电池 系统 今日,,,,,,
0,宁德时代新能源科技股份有限公司,2021年7月,平台 互动 谢谢 知识产权 宁德时代 专利 合作 记者 侵权 涉嫌,动力电池 全球 缺口 新能源 汽车 电池 宁德时代 背后 gwh 满负荷,roe 京东方 资产 10 未来 销售 权益 提升 稳定 周转率,,,,
0,宁德时代新能源科技股份有限公司,2021年8月,系统 动力电池 亿元 按年 增长 宁德时代 储能 销售收入 锂电池 材料,,,,,,
0,宁德时代新能源科技股份有限公司,2022年1月,换电 宁德时代 新能源 材料 技术 2021 时代 成立 合作 电站,,,,,,
0,宁波银行股份有限公司,2016年5月,附件 发行 链接 货币 详情请 网站 标题 宁波银行股份有限公司 存单 同业,,,,,,
0,宁波银行股份有限公司,2016年7月,附件 发行 链接 货币 详情请 网站 标题 宁波银行股份有限公司 存单 同业,,,,,,
0,宁波银行股份有限公司,2018年10月,附件 链接 货币 详情请 网站 标题 宁波银行股份有限公司 存单 同业 发行,,,,,,
0,宁波银行股份有限公司,2018年8月,附件 链接 货币 详情请 网站 标题 宁波银行股份有限公司 存单 同业 发行,,,,,,
0,宁波银行股份有限公司,2019年7月,附件 宁波 下载 二级 保监局 债券 债网 发布 发行 宁波银行,,,,,,
0,宁波银行股份有限公司,2020年8月,雅戈尔集团 股份 14 2020 减持 告知 05 13 41 6313,,,,,,
0,安徽皖仪科技股份有限公司,2020年6月,发行 数量 最终 网上 000 万股 战略 001 100 40,,,,,,
0,安徽省交通控股集团有限公司,2019年5月,评级 主体 143122 2019 aaa 下调 01 披露 折算率 皖交控,,,,,,
0,富士康工业互联网股份有限公司,2020年7月,股价 工业富联 大跌 30 派息 回答 2020 601138 不在乎 公布,,,,,,
0,山东高速集团有限公司,2019年11月,鲁高 评级 143938 17 2019 aaa y2 下调 主体 11,,,,,,
0,山东高速集团有限公司,2021年10月,高速 监测 技术 东营 路段 滨州 养护 状况 黄河 威海,,,,,,
0,巨人网络集团股份有限公司,2019年11月,巨人 下滑 网络 计划 亿元 净利润 股价 回购 母公司 股份,,,,,,
0,巨人网络集团股份有限公司,2020年10月,上线 关注 新闻 超自然 研发 游戏 射击类 公司公告 日期 过程,,,,,,
0,巨人网络集团股份有限公司,2020年8月,股东 查阅 披露 名册 期末 参考 定期 媒体 回答 同花顺,,,,,,
0,广东恒健投资控股有限公司,2017年11月,附件 链接 详情请 网站 监事 清算 标题 广东恒健投资控股有限公司 变更 发布,,,,,,
0,广东省铁路建设投资集团有限公司,2019年7月,附件 链接 详情请 网站 清算 标题 披露 广东省铁路建设投资集团有限公司 年度报告 发行,,,,,,
0,广东省铁路建设投资集团有限公司,2020年6月,附件 链接 详情请 网站 母公司 标题 广东省铁路建设投资集团有限公司 年度 审计报告 孔雀开屏,,,,,,
0,广发基金管理有限公司,2021年1月,12 基金 榜单 月份 全球 华夏基金 前十名 制表 兴证 公募,,,,,,
0,广发基金管理有限公司,2021年5月,基金 份额 增设 指数 招商 产品 旗下 鹏华 中证 白酒,,,,,,
0,广州农村商业银行股份有限公司,2016年10月,附件 发行 链接 货币 详情请 网站 标题 广州农村商业银行股份有限公司 存单 同业,,,,,,
0,广州农村商业银行股份有限公司,2016年3月,附件 流通 链接 货币 详情请 要素 网站 标题 广州农村商业银行股份有限公司 存单,,,,,,
0,广州农村商业银行股份有限公司,2016年5月,附件 发行 链接 货币 详情请 网站 标题 广州农村商业银行股份有限公司 存单 同业,,,,,,
0,广州农村商业银行股份有限公司,2017年1月,附件 链接 货币 详情请 网站 标题 广州农村商业银行股份有限公司 存单 同业 发行,,,,,,
0,广州农村商业银行股份有限公司,2021年3月,董事会 选举 董事长 第三届 01551 广州农商 hk 蔡建为 银行 19,,,,,,
0,广州天赐高新材料股份有限公司,2021年1月,lifsi 电池 添加剂 天赐材料 最新 150kw 请问 蔚来 董秘 固态,,,,,,
0,广州天赐高新材料股份有限公司,2021年9月,项目 锂电 资讯 焦点 热度 标题 投建 天赐材料 多家 产业链,,,,,,
0,广州天赐高新材料股份有限公司,2022年1月,资产 调研 日线 运行 万元 发现 交易日 事件 买入 主力,,,,,,
0,广州汽车集团股份有限公司,2018年11月,电池 新能源 宁德时代 配套 动力 江苏 车型 比亚迪 目录 密度,,,,,,
0,广州汽车集团股份有限公司,2018年12月,11 同比 万辆 增长 累计 下滑 产量 销量 广汽 产销,,,,,,
0,广州汽车集团股份有限公司,2020年12月,智能 空间 5g 南沙 数据 科技 城市 广州 数字 打造,,,,,,
0,广州汽车集团股份有限公司,2020年4月,同比 销量 万辆 下滑 增长 广汽 广汽集团 亿元 2019 17,,,,,,
0,广州汽车集团股份有限公司,2021年10月,同比 销量 万辆 增长 累计 广汽 下滑 36 广汽集团 车型,,,,,,
0,广州汽车集团股份有限公司,2021年11月,同比 销量 广汽 全球 合作 robotaxi 出行 10 广汽集团 月份,,,,,,
0,广州汽车集团股份有限公司,2021年1月,电池 广汽集团 同比 2020 三季度 年前 数据 广汽 亿元 万辆,,,,,,
0,徽商银行股份有限公司,2016年4月,附件 发行 链接 货币 详情请 网站 标题 徽商银行股份有限公司 存单 同业,,,,,,
0,徽商银行股份有限公司,2017年6月,附件 链接 货币 详情请 网站 标题 徽商银行股份有限公司 存单 同业 发行,,,,,,
0,徽商银行股份有限公司,2017年7月,附件 网站 下载 发布 链接 标题 详情请 货币 评级 第一期,,,,,,
0,恒丰银行股份有限公司,2016年3月,附件 发行 链接 货币 详情请 网站 标题 恒丰银行股份有限公司 存单 同业,,,,,,
0,恒丰银行股份有限公司,2016年5月,附件 流通 上市 链接 货币 详情请 网站 标题 恒丰银行 发布,,,,,,
0,恒丰银行股份有限公司,2016年7月,附件 流通 上市 链接 货币 详情请 网站 标题 恒丰银行 发布,,,,,,
0,恒丰银行股份有限公司,2017年6月,附件 192 恒丰银行股份有限公司 2017 发行 存单 同业 标题 链接 网站,附件 恒丰银行 cd168 上市 债券 17 流通 标题 链接 发布,附件 183 恒丰银行股份有限公司 2017 发行 存单 同业 标题 链接 网站,,,,
0,恒丰银行股份有限公司,2017年7月,附件 链接 货币 详情请 网站 标题 恒丰银行股份有限公司 存单 同业 发行,,,,,,
0,恒丰银行股份有限公司,2018年10月,三农 合作 服务 乡村 切实 协议 振兴 领域 重庆 金融,,,,,,
0,恒丰银行股份有限公司,2018年9月,附件 链接 货币 详情请 网站 流通 标题 恒丰银行 发布 债券,,,,,,
0,恒丰银行股份有限公司,2019年1月,附件 链接 货币 详情请 网站 标题 恒丰银行股份有限公司 存单 同业 发行,,,,,,
0,恒生电子股份有限公司,2019年11月,技术 活动 持续 恒生 浙江 多年 电子 区块 全景网 金融,,,,,,
0,招商银行股份有限公司,2016年8月,附件 发行 链接 货币 详情请 网站 标题 招商银行股份有限公司 存单 同业,,,,,,
0,招商银行股份有限公司,2017年4月,附件 链接 货币 详情请 网站 标题 招商银行股份有限公司 存单 同业 发行,,,,,,
0,招商银行股份有限公司,2017年5月,附件 第一期 发行 招商银行股份有限公司 2017 金融债券 网站 法律 标题 文件,,,,,,
0,招商银行股份有限公司,2018年12月,买入 股通 招商银行 上榜 下跌 外资 成交 累计 11 数据,,,,,,
0,招商银行股份有限公司,2019年10月,亿元 同比 增长 该行 收入 百分点 利息 年末 下降 2019,,,,,,
0,招商银行股份有限公司,2019年2月,银行 17 1789283 1c aaa 100 11 111 12 15,,,,,,
0,招商银行股份有限公司,2020年3月,按年 百分点 亿元 招行 总额 资产 增加 银行 业绩 录得,,,,,,
0,招商银行股份有限公司,2021年12月,增持 最新 持股 174 60 万股 作价 小摩 招商银行 03968,,,,,,
0,招商银行股份有限公司,2021年5月,基金 中信 产品 保诚 固收 资产 一年 策略 收益 高于,,,,,,
0,新东方在线科技控股有限公司,2020年12月,认购 股份 发行 2020 港元 合共 交割 万股 新东方 5943,,,,,,
0,新东方在线科技控股有限公司,2020年1月,亿元 同期 上年 万元 调整 亏损 中期 业绩 万人 78,,,,,,
0,新东方在线科技控股有限公司,2021年10月,培训 在线 新东方 学科 k12 k9 机构 校外 义务教育 阶段,,,,,,
0,新华人寿保险股份有限公司,2021年5月,资料 亿元 05 14 16 2021 25 39 55 736,,,,,,
0,新华人寿保险股份有限公司,2021年6月,评级 2021 稳定 展望 实力 aaa 公司财务 授予 新华 中诚信,,,,,,
0,新华人寿保险股份有限公司,2021年9月,融资 融券 亿元 万股 余额 偿还 市场 19 万元 增加,,,,,,
0,易方达基金管理有限公司,2021年1月,创新 跌停 未来 基金 五只 万手 复牌 封单 易方达 20,基金 公募 规模 万亿 张坤 经理 数据 优秀 利润 明星,创新 跌停 未来 基金 复牌 易方达 五只 万手 封单 20,,,,
0,易方达基金管理有限公司,2021年5月,基金 基金净值 上涨 下跌 指数 金融界 2747 分红 期内 300,,,,,,
0,杭州泰格医药科技股份有限公司,2020年11月,jpmorgan co chase 13 增持 最新 50 app 834 817,,,,,,
0,杭州海康威视数字技术股份有限公司,2018年12月,泊车 机器人 智能 车库 系统 银泰 商业区 停车 监控 取车,,,,,,
0,杭州海康威视数字技术股份有限公司,2020年8月,设备 美国政府 服务 产品 大华 13 华为 出售 海康威视 禁令,,,,,,
0,杭州海康威视数字技术股份有限公司,2021年11月,传感器 基金 海康 海康威视 止跌 下跌 周线 现金流 高端 能力,,,,,,
0,杭州海康威视数字技术股份有限公司,2021年2月,海康威视 新春 拜年 恭祝 大吉 向前 万事如意,,,,,,
0,杭州联络互动信息科技股份有限公司,2020年9月,资产 处置 11 st 上市 业绩 主营 亏损 优势 会计,,,,,,
0,比亚迪股份有限公司,2018年11月,销售 10 累计 汽车 本年度 月份 中证网 11 171085 2018,,,,,,
0,比亚迪股份有限公司,2019年10月,比亚迪 同比 亿元 汽车 净利润 新能源 补贴 融资 下滑 14,,,,,,
0,比亚迪股份有限公司,2019年11月,10 汽车销量 比亚迪 月销量 新能源 增长 同比 去年同期 万辆 93,,,,,,
0,比亚迪股份有限公司,2019年2月,电机 配套 汽车 车型 数量 新能源 推荐 资源 目录 电车,,,,,,
0,比亚迪股份有限公司,2019年3月,集团 同比 亿元 产品 电池 收入 人民币 手机 部件 2018,,,,,,
0,比亚迪股份有限公司,2019年9月,比亚迪 安全性 电池 汽车 推出 推广 超级 新能源 宣传 契机,,,,,,
0,比亚迪股份有限公司,2020年10月,汽车 检测 电池 更换 合作 厂商 关系 比亚迪 您好 回答,,,,,,
0,比亚迪股份有限公司,2020年12月,股东 信息 披露 002594 关注 原则 定期 感谢您 户数 时点,融券 融资 亿元 万股 市场 偿还 余额 买入 增加 34,蚌埠 谢谢 比亚迪 项目 机会 24 300532 60 动力电池 合作,,,,
0,比亚迪股份有限公司,2020年5月,品牌 比亚迪 自主 王朝 产品 高端 推出 价格 一款 车型,,,,,,
0,比亚迪股份有限公司,2020年7月,智能 销量 002594 人士 知情 行情 计划 旗下 路透社 年底,,,,,,
0,比亚迪股份有限公司,2020年8月,变速器 投资 万里 控股 融捷 股份 售出 同比 减持 持有,,,,,,
0,比亚迪股份有限公司,2020年9月,比亚迪 客户 销售 供应 002947 17 谢谢 恒铭达 回答 提问,,,,,,
0,比亚迪股份有限公司,2021年10月,保险盒 比亚迪 汽车 毫米 股份 向阳 持股 f3 安装 宽为,,,,,,
0,比亚迪股份有限公司,2021年11月,配发 港元 11 137 276 44 5000 h股 万股 亿港元,,,,,,
0,比亚迪股份有限公司,2021年12月,矿产 四川 成立 注册资本 矿产资源 人民币 显示 股权 回收 路桥,特斯拉 交付 万辆 依旧 预测 工厂 明年 增长 产能 分析师,西安 基地 汽车 比亚迪 生产 新能源 乘用车 疫情 年产 产量,,,,
0,比亚迪股份有限公司,2021年1月,比亚迪 全新 logo 汽车 宣告 动作 第一天 看似 外界 高调,,,,,,
0,比亚迪股份有限公司,2021年2月,比亚迪 汽车 精矿 品牌 电池 刀片 技术 全新 标识 销售,,,,,,
0,比亚迪股份有限公司,2021年3月,汽 fv a量 N量 新能源 按年 92 41 33 首,,,,,,
0,比亚迪股份有限公司,2021年5月,设计 投Y 蜗蜿 股份 控股 持有 融捷 整体 造型 股|,,,,,,
0,比亚迪股份有限公司,2021年6月,燃油 车型 比亚迪 计划 新能源 需求 对此 时间表 抛弃 市场,,,,,,
0,比亚迪股份有限公司,2021年7月,关注 汽车 燃油 中国 巨头 002594 同花顺 半年报 公司公告 信息,,,,,,
0,比亚迪股份有限公司,2021年8月,比亚迪 海豚 作者 小型车 盖世 续航 汽车 设计 新车 车型,,,,,,
0,比亚迪股份有限公司,2021年9月,比亚迪 销量 增长 月份 新能源 万辆 汽车 车型 数据 销售,,,,,,
0,比亚迪股份有限公司,2022年1月,股份 比例 质押 近日 向阳 02 25 60 sz 万股,,,,,,
0,比亚迪股份有限公司,2022年2月,汽车 比亚迪 腾势 同比 斯巴鲁 销量 000 品牌 增长 2022,,,,,,
0,汇添富基金管理股份有限公司,2018年11月,收益率 宝宝 银行 收益 年化 产品 互联网 理财 平台 平均,,,,,,
0,汇添富基金管理股份有限公司,2018年8月,在线 扫描 点击 微信 客服 咨询 关注 二维码,,,,,,
0,汇添富基金管理股份有限公司,2022年2月,价值 投资 需求 加剧 坚守 回首 周期 叠加 发展 原则,,,,,,
0,江苏恒瑞医药股份有限公司,2020年12月,盘中 振幅 恒瑞医药 25 2020 12 06,,,,,,
0,江苏恒瑞医药股份有限公司,2020年1月,解禁 恒瑞医药 比例 发展 会议 董事长 董事会 董事 战略 第八届,,,,,,
0,江苏恒瑞医药股份有限公司,2021年10月,麻醉 创新 造影剂 研发 领域 2021 产品 上市 免疫 关注,,,,,,
0,江苏恒瑞医药股份有限公司,2021年3月,融资 融券 研发 zgsmile com 投入 恒瑞医药 仿制 亿元 买入,,,,,,
0,江苏恒瑞医药股份有限公司,2021年4月,2021 20 披露 恒瑞医药 600276 关注 同花顺 回答 季报 贵司,,,,,,
0,江苏沙钢集团有限公司,2016年7月,附件 发行 链接 下载 债券 发布 年度 承诺函 方案 标题,,,,,,
0,江苏沙钢集团有限公司,2020年12月,兑付 附件 付息 链接 货币 详情请 融资券 网站 第二期 短期,,,,,,
0,江苏沙钢集团有限公司,2021年1月,环保 行业 光伏 仕净 标准 污染 排放 产业 领域 发展,,,,,,
0,江苏沙钢集团有限公司,2021年7月,钢铁 项目 2021 泰科 新建 在建 13552923281 1500 中国 信息,,,,,,
0,江苏银行股份有限公司,2016年11月,附件 流通 上市 链接 货币 详情请 网站 江苏银行 标题 发布,,,,,,
0,江苏银行股份有限公司,2016年9月,附件 发行 链接 货币 详情请 网站 江苏银行股份有限公司 标题 存单 同业,,,,,,
0,江苏银行股份有限公司,2017年3月,附件 链接 货币 详情请 网站 江苏银行股份有限公司 标题 存单 同业 发行,,,,,,
0,江苏银行股份有限公司,2018年9月,附件 链接 货币 详情请 网站 江苏银行股份有限公司 标题 存单 同业 发行,,,,,,
0,江苏银行股份有限公司,2019年7月,附件 链接 货币 详情请 网站 江苏银行股份有限公司 标题 存单 同业 发行,,,,,,
0,江苏银行股份有限公司,2021年3月,盘中 江苏银行 振幅 55 2021 11,,,,,,
0,江苏银行股份有限公司,2021年8月,中国 建设 交通 短期 承销商 有限公司 发行人 发行 募集 方式,,,,,,
0,江苏长电科技股份有限公司,2021年1月,产业 基金 股份 减持 股本 长电 科技 持股 2021 股东,,,,,,
0,江西铜业股份有限公司,2021年2月,盘中 江西铜业 振幅 24 22 2021,,,,,,
0,浙商银行股份有限公司,2017年6月,附件 链接 货币 详情请 网站 浙商银行股份有限公司 标题 存单 同业 发行,,,,,,
0,浙商银行股份有限公司,2020年11月,11 26 监事会 辞职报告 送达 岗位 050 2020 75 内部,,,,,,
0,浙商银行股份有限公司,2020年12月,辅导 济宁 需求 授信额度 融资 资产 直通车 浙商银行 模式 功能,,,,,,
0,浙商银行股份有限公司,2020年1月,无锡 分行 浙商银行股份有限公司 万元 人民币 不当 行政处罚 吸收 存款 方式,,,,,,
0,浙商银行股份有限公司,2021年8月,浙商银行 客户 零售 理财 活动 福利 基金 周年 产品 增金智,,,,,,
0,浙商银行股份有限公司,2022年1月,附件 链接 事宜 债网 关注 发布 变更 有限公司 标题 浙商银行股份有限公司,,,,,,
0,浙江华策影视股份有限公司,2020年8月,影视 半年报 行业 上半年 发布 上市公司 预告 电影 业绩 亏损,,,,,,
0,浙江尖峰集团股份有限公司,2020年2月,酒业 国台 集团 持有 上市 公司业绩 尊敬 尖峰 影响 您好,,,,,,
0,浙江尖峰集团股份有限公司,2020年7月,激励 集团 信息 披露 尖峰 管理层 现金 谢谢 为准 中长期,,,,,,
0,浙江尤夫高新纤维股份有限公司,2018年9月,有限公司 基金 尤夫 st 设立 披露 股东 投资 控股 上海,,,,,,
0,浙江尤夫高新纤维股份有限公司,2019年8月,2019 23 浙江尤夫高新纤维股份有限公司 逾期 关联 30 ai 亿元 债务 公司债务,,,,,,
0,浙江泰隆商业银行股份有限公司,2016年4月,附件 评级 国际 2016 65 下载 中债 中诚信 亿元 信息,,,,,,
0,浙江省能源集团有限公司,2019年2月,附件 链接 财务报告 详情请 网站 清算 浙江省能源集团有限公司 母公司 标题 年度,,,,,,
0,海尔集团公司,2019年1月,洗衣机 海尔 产品 需求 增速 用户 行业 升级 市场 发展,,,,,,
0,海尔集团公司,2020年7月,快递 服务 海尔曼 提供 荷兰 集团 市场 德国 需求 小时,,,,,,
0,海尔集团公司,2021年4月,工厂 热水器 制造 设备 智能 海尔 生产 加工 智能化 数据,,,,,,
0,深圳中青宝互动网络股份有限公司,2021年7月,关注 华为 鸿蒙 财经 2021 26 300052 中青宝 信息 卡片,,,,,,
0,深圳中青宝互动网络股份有限公司,2021年9月,青宝 盘中 日中 振幅 48 2021 15,,,,,,
0,深圳市大疆创新科技有限公司,2021年7月,中心 衢州 服务 经济 顺丰 衢州市 边际 大疆 四省 中国,,,,,,
0,深圳市腾讯计算机系统有限公司,2021年1月,游戏 合作 下架 腾讯 12 华为 万个 单方面 31 苹果,,,,,,
0,湖北交通投资集团有限公司,2019年8月,附件 集团 上半年 下载 交通 发布 合并 审计 投资 有限公司,,,,,,
0,湖北交通投资集团有限公司,2021年11月,最新 交投 评级 prn001b aaa 121506002 15 主体 4660 中证,,,,,,
0,湖南国科微电子股份有限公司,2021年11月,芯片 国科微 财经 卫星 国家 知识产权 高清 定位 市场 位于,,,,,,
0,珠海格力集团有限公司,2017年8月,附件 链接 货币 说明书 详情请 融资券 网站 第三期 短期 珠海格力集团有限公司,,,,,,
0,珠海格力集团有限公司,2020年6月,董明珠 奥克斯 格力 企业家 官司 格力电器 铁娘子 大小 备受 同行,,,,,,
0,珠海格力集团有限公司,2021年5月,手机 格力 5g 大松 需求 做出 带走 带有 对手 同价位,,,,,,
0,瑞声科技控股有限公司,2018年10月,科技 瑞声 调整 评级 联昌 目标价 现报 持有 投资 下调,,,,,,
0,瑞声科技控股有限公司,2018年11月,高开 中国 香港 舜宇 腾讯 科技 瑞声 恒生指数 恒大高开 华晨,,,,,,
0,瑞声科技控股有限公司,2020年8月,集团 午后 24 58 上半年 下降 亿元 净利润 午间 跳水,,,,,,
0,瑞声科技控股有限公司,2021年8月,股份 奖励 计划 购买 之用 2021 25 26 604 万股,,,,,,
0,科大讯飞股份有限公司,2019年1月,有限公司 安徽 股份 省政府 质量奖 组织 合肥 提名奖 研究院 万元,,,,,,
0,科大讯飞股份有限公司,2019年3月,人工智能 全球 展区 创新 2019 产品 博会 行业 新一代 产业,,,,,,
0,科大讯飞股份有限公司,2019年4月,费用 四季度 研发 一季度 管理费用 总和 谢谢 历年 金额 原因,,,,,,
0,科大讯飞股份有限公司,2020年6月,分派 权益 2019 2020 年度 除权除息日 002230 10 11 17,,,,,,
0,科大讯飞股份有限公司,2020年7月,科大 智能 办公 键盘 产品 一款 打字 落地 新品 服务,,,,,,
0,科大讯飞股份有限公司,2020年8月,saas 企业级 服务 赛道 回答 产品 几块 单独 同花顺 战略,,,,,,
0,科大讯飞股份有限公司,2020年9月,芯片 学习机 厂商 录音笔 国产化 供应 保证 同花顺 回答 国产,,,,,,
0,科大讯飞股份有限公司,2021年11月,数字 科技 金讯 投资 浙江 数字化 场景 同花顺 回答 全资,,,,,,
0,科大讯飞股份有限公司,2021年4月,战略 集团 2020 产品线 持续 高达 年度 80 三大 业绩,,,,,,
0,立讯精密工业股份有限公司,2018年10月,机构 调研 行业 接待 上市公司 三季度 关注 股价 制造业 个股,,,,,,
0,立讯精密工业股份有限公司,2020年7月,苹果 代工 iphone 立讯精密 富士康 代工厂 切入 增长 厂商 大陆,,,,,,
0,立讯精密工业股份有限公司,2022年3月,合作 2022 成就 谢谢 奇瑞 合理性 投机 战略 市场 巨潮,,,,,,
0,紫光集团有限公司,2020年11月,最新 主体 评级 紫光 118463 aaa bbb 155085 16 估值,紫光 集团 下跌 存续 持续 30 18 19 04 停牌,隐含 违约 aa 中证 118607 16 02 评级 主体 紫光,,,,
0,紫光集团有限公司,2020年3月,存储 紫光 长江 上海 报道 观察者 nand 长存 旗下 集团,,,,,,
0,紫光集团有限公司,2021年11月,附件 进展 紫光集团有限公司 发布 2021 上交所 下载 债券 公司债券 标题,,,,,,
0,紫光集团有限公司,2021年12月,紫光 股份 持有 资产 集团 上市公司 赵伟国 市场 优质 sz,,,,,,
0,紫光集团有限公司,2021年1月,18 紫光 评级 155085 最新 主体 04 11 13 01,,,,,,
0,红狮控股集团有限公司,2019年8月,附件 年度 下载 交易商 会稿 协会 发布 发行 孔雀开屏 标题,,,,,,
0,红狮控股集团有限公司,2021年1月,最新 13 aaa 18 主体 mtn001 红狮 101801071 评级 102,,,,,,
0,维亚生物科技控股集团,2021年10月,吴鹰 增持 持股 最新 资料 万港元 hk app 93 6465,,,,,,
0,美团,2018年9月,服务 即时 商家 网络 消费者 配送 摘要 交通 享有 发布,,,,,,
0,美团,2019年3月,增长 收入 亿元 2018 美团 服务 服务收入 单车 共享 同比,,,,,,
0,美团,2019年6月,柒闻网 来源 张莫 作者 54 36 2019 20 16 06,,,,,,
0,美团,2019年8月,外卖 非机动车 违法行为 美团 南昌 南昌市 25 26 违法 达达,,,,,,
0,美团,2021年10月,港元 人民币 亿元 消息 记者 央视网 惩罚 领域 刘典 预测,,,,,,
0,美团,2021年11月,美团 餐饮 外卖 品牌 厨房 智能 智慧 阿狸 商户 取餐,,,,,,
0,美团,2021年12月,快手 美团 支付 服务 程式 股价 下跌 内容 上线 用户,,,,,,
0,美团,2021年3月,亿元 人民币 2020 同比 分部 经营 增长 收入 33 亏损,,,,,,
0,美团,2021年4月,配送 无人 奶茶 骑手 美团 平台 牙签 中国 商家 商报,,,,,,
0,美团,2021年5月,美团 亿元 增长 同比 王兴 反垄断 第一季度 监管 配合 调查,,,,,,
0,美团,2021年9月,美团 外卖 生活 工商户 骑手 舆论 注册 个体 中心 回应,,,,,,
0,美的集团股份有限公司,2019年4月,卖出 深股通 美的集团 成交 外资 上涨 上榜 累计 10 22,,,,,,
0,美的集团股份有限公司,2021年10月,买入 融资 亿元 融券 万股 美的集团 69 65 money call,,,,,,
0,联想控股股份有限公司,2021年5月,最新 主体 评级 aaa 12 联想 124044 50 97 94,,,,,,
0,蓝思科技股份有限公司,2019年11月,运行 规模 13 2019 300433 互动 交付 产能 价齐升 优势,,,,,,
0,蓝思科技股份有限公司,2020年7月,项目 关注 资金 先期 工作 同花顺 感谢您 投入 自有 计划,,,,,,
0,蓝思科技股份有限公司,2020年8月,披露 银行 经营 广发 亿元 合作 累计 长沙 三一集团 支持,,,,,,
0,蓝思科技股份有限公司,2021年11月,蓝思 光伏 新能源 设备 技术 11 300433 产品 亿元 元器件,,,,,,
0,蓝思科技股份有限公司,2021年4月,智能 高端 全球 外观 感谢您 电脑 功能 设备 精密 关注,,,,,,
0,蓝思科技股份有限公司,2021年7月,2021 权益 分派 除息日 含税 15 16 2020 300433 479,,,,,,
0,蓝思科技股份有限公司,2021年8月,有限公司 科技 蓝思 董事长 董事 玻璃 长沙 香港 产品 创办,,,,,,
0,蚂蚁科技集团股份有限公司,2020年10月,询价 万亿元 预测 发行价 20 26 30 68 a股 ipo,,,,,,
0,蚂蚁科技集团股份有限公司,2021年5月,亿元 蚂蚁集团 人民币 2020 阿里巴巴 利润 计算 净利润 33 一季度,,,,,,
0,贵州铁路投资集团有限责任公司,2021年3月,最新 101901335 评级 mtn002 aaa 19 主体 银行 77 99,,,,,,
0,道明光学股份有限公司,2020年10月,下降 同比 2020 营业 数据 三季度 光学 期间 控制 毛利率,,,,,,
0,道明光学股份有限公司,2021年3月,万元 年度 2020 资产 减值 减少 归属于 所有者 母公司 计提,,,,,,
0,重庆农村商业银行股份有限公司,2016年7月,附件 发行 链接 重庆农村商业银行股份有限公司 货币 详情请 网站 标题 存单 同业,,,,,,
0,重庆农村商业银行股份有限公司,2017年9月,附件 链接 重庆农村商业银行股份有限公司 货币 详情请 网站 标题 存单 同业 发行,,,,,,
0,重庆农村商业银行股份有限公司,2020年12月,最新 银行 aaa 1921021 主体 19 评级 重庆农商 二级 103,,,,,,
0,重庆农村商业银行股份有限公司,2021年3月,该行 每股 同比 亿元 84 2020 281 222 74 商行,,,,,,
0,重庆农村商业银行股份有限公司,2021年7月,董事 连任 重选 该行 提名 建议 执行 委员会 届满 任期,,,,,,
0,长城汽车股份有限公司,2018年11月,10 报道 中国 销量 11 同比 市场 新车 汽车 增长,,,,,,
0,长城汽车股份有限公司,2019年7月,目标价 下调 预期 二季度 11 23 26 a股 h股 下滑,,,,,,
0,长城汽车股份有限公司,2020年10月,同比 亿元 长城汽车 三季度 品牌 下降 增长 营业 总收入 净利润,,,,,,
0,长城汽车股份有限公司,2020年6月,研发 投入 减持 摩根 持股 大通 产品 全新 皮卡 长城汽车,,,,,,
0,长城汽车股份有限公司,2020年7月,长城汽车 销量 下降 哈弗 同比 上半年 亿元 系列 真的 业绩,,,,,,
0,长城汽车股份有限公司,2020年8月,召回 2020 拖车 长城汽车 升级 新版 技术 安全隐患 发布 危险,,,,,,
0,长城汽车股份有限公司,2021年10月,线控 汽车  即p 行 channel  etnet 金券 youtube,,,,,,
0,长城汽车股份有限公司,2021年12月,长城汽车 汽车品牌 2020 30 建军 领头羊 埋头 圈大 周年 变革,,,,,,
0,长城汽车股份有限公司,2021年1月,销量 亿元 长城汽车 目标 品牌 业绩 万辆 增长 2020 推出,减持 citigroup 长城汽车股份有限公司 inc 股份 最新 长城汽车 27 经济学 减少,增长 同比 2020 汽车销量 万辆 84 长城汽车 41 15 60,,,,
0,长城汽车股份有限公司,2021年2月,中国 中车 市值 长城汽车 领域 打造 a00017 佼佼者 充满 制造业,,,,,,
0,长城汽车股份有限公司,2021年4月,芯片 紧张 供应 影响 长城汽车 市场 601633 ai sh 主动,,,,,,
0,长城汽车股份有限公司,2021年5月,长城汽车 汽车销量 晚间 增长 同比 91784 601633 55 13 10,,,,,,
0,长城汽车股份有限公司,2021年9月,学院 毕业 独立 长城汽车 监事 经济 经济学 博士学位 登录 监事会,,,,,,
0,长城汽车股份有限公司,2022年1月,增长 归属于 股东 同比 净利润 亿元 长城汽车 业绩 销量 年度,,,,,,
0,长江和记实业有限公司,2019年8月,香港 下称 整合 2019 电信 跨国 投资 披露 捕捉 机遇,,,,,,
0,长沙银行股份有限公司,2016年8月,附件 发行 长沙银行股份有限公司 链接 货币 详情请 网站 标题 存单 同业,,,,,,
0,长沙银行股份有限公司,2017年3月,附件 长沙银行 链接 货币 详情请 网站 流通 标题 发布 债券,,,,,,
0,长沙银行股份有限公司,2019年2月,附件 长沙银行股份有限公司 链接 货币 详情请 网站 标题 存单 同业 发行,,,,,,
0,长沙银行股份有限公司,2020年2月,发行 罗晗 长沙银行 20 25 27 专项 中证网 亿元 作者,,,,,,
0,长沙银行股份有限公司,2021年12月,减持 兴业 投资 股份 万股 计划 股本 12 数量 持股,,,,,,
0,长沙银行股份有限公司,2021年8月,00 000 17 同比增加 半年度 546 10 18 21 33,,,,,,
0,阿里巴巴(中国)有限公司,2020年8月,深圳 陈某 陆丰市 核酸 检测 确诊 新冠 记者 此前 汕尾,,,,,,
0,青海盐湖工业股份有限公司,2019年6月,化工 生产 天然气 项目 二期 去年 导致 气源 2019 解决,,,,,,
0,青海盐湖工业股份有限公司,2021年11月,股东 持股 银行 11 15 2021 下调 之少 债转股 公积,,,,,,
0,青海盐湖工业股份有限公司,2021年3月,附件 事项 青海盐湖工业股份有限公司 链接 货币 详情请 网站 第二次 监事会 标题,,,,,,
0,青海盐湖工业股份有限公司,2021年8月,碳酸锂 万吨 产能 盐湖 建设 比亚迪 电池 工业 子公司 在建,,,,,,
0,青海盐湖工业股份有限公司,2021年9月,影响 特立 您好 金属镁 经营 大涨 回答 同花顺 压铸 青海,,,,,,
0,青海盐湖工业股份有限公司,2022年2月,青海 建设银行 股份 减持 盐湖股份 2022 分行 交易 万股 sz,,,,,,
0,鞍钢集团有限公司,2020年8月,鞍钢集团 纪委 专员办 监察 打击 169 195 29 df118 中央纪委,,,,,,
0,鞍钢集团有限公司,2021年2月,鞍钢 集装箱 联运 股份 运输 物流 海铁 成功 损耗 分公司,,,,,,
0,顺丰控股股份有限公司,2019年3月,配送 载重 车辆 车型 视觉 统一 快递 建议 代表 中国,,,,,,
0,顺丰控股股份有限公司,2020年10月,快递 京东 极兔 江湖 物流 申通 站稳脚跟 市场 半年 中国,,,,,,
0,顺丰控股股份有限公司,2021年10月,按年 亿元 23 股东 每股 17 收益 收入 净利润 归属于,,,,,,
0,顺丰控股股份有限公司,2021年3月,要约 先决条件 股权 尚未 达成 顺丰控股 控股 31 51 morgan,,,,,,
0,顺丰控股股份有限公司,2021年4月,快递 增长 同比 亿元 顺丰控股 01 29 业务量 92 76,,,,,,
0,顺丰控股股份有限公司,2021年5月,顺丰 基金 房托 每股 物流 港元 下跌 张建 地产 房地产,,,,,,
0,顺丰控股股份有限公司,2021年6月,物流 环境 协会 营商 调查报告 发展 国内 行业 发布 研究,,,,,,
0,顺丰控股股份有限公司,2021年8月,冷运 顺丰 服务 包装 冷链 物流 运输 提供 榜单 中国,,,,,,
0,顺丰控股股份有限公司,2022年1月,亿元 2021 净利润 同比 顺丰控股 40 42 43 44 下降,,,,,,
0,鹏华基金管理有限公司,2020年3月,etf 华夏 通信 份额 增长 5g 亿份 基建 国泰 基金,,,,,,
0,鹏华基金管理有限公司,2021年2月,估值 化工 基金 行业 闫冬 业绩 化工行业 历史 涨幅 2020,,,,,,
0,鹏博士电信传媒集团股份有限公司,2018年11月,在线 扫描 运营 博士 事业部 二维码 云网 产品 关注 刘勇,,,,,,
0,鹏博士电信传媒集团股份有限公司,2019年4月,评级 市场 信用 隐含 交易 债券 中证 活跃 收益率 到期,,,,,,
0,鹏博士电信传媒集团股份有限公司,2021年12月,盘中 日鹏 振幅 博士 2021 12 07,,,,,,
0,鹏博士电信传媒集团股份有限公司,2021年5月,2020 审计 年度 费用 向鹏 2021 600804 事务所 会计师 你好,,,,,,
0,鹏博士电信传媒集团股份有限公司,2021年8月,08 深圳 质押 鹏博 南山 05 10 2019 2022 21,,,,,,
0,龙江银行股份有限公司,2017年6月,附件 龙江银行 链接 货币 详情请 网站 流通 标题 发布 债券,,,,,,
0,龙江银行股份有限公司,2017年8月,附件 龙江银行股份有限公司 链接 货币 详情请 网站 标题 存单 同业 发行,,,,,,
0,龙江银行股份有限公司,2018年10月,附件 龙江银行股份有限公司 链接 货币 详情请 网站 标题 存单 同业 发行,,,,,,
0,龙江银行股份有限公司,2018年9月,附件 龙江银行 链接 货币 详情请 网站 流通 标题 发布 债券,,,,,,
